neighborhood,photo_keys
Clearing,[]
New City,[]
Kenwood,"[""22TRFqzv7uLga-vDLgH84g"", ""RenXDvWZ_LGBG7QSQrC6Lw"", ""cq8eQ0LXBqWtMcideqELyw"", ""BC5kD0PYnn_KVaPYpOVfgQ"", ""Db2JWdcN9jQNFeYmj28lOQ"", ""d4_TPgAnvb1gI0ovJc4vmA"", ""RV7itps1d-li0SROjE8nXA"", ""w2Yi6Gu9k_Zl0tE2nePgJw"", ""t2Wd_sD9qnryi6f41lt3qw"", ""6EwRzsWV1BB-zayCz0klWA""]"
Grand Crossing,"[""qpU2zO0MIaShYkVOV2U2jw"", ""I_isKCB3nJEZaoEE8hRtOg"", ""1lZL6NLKSRb6nRo1Q8R99g"", ""56i1jMe3MRUHAyEjT0rpnQ"", ""tZMwSHQBIxb5f4MNx0svAg"", ""PBwAqQooBAQyuUyn3ysh0Q"", ""v3WSkbvTff8FCWscNdENkg"", ""kVCL6FccG-TwJYU2qhwVzA"", ""J4iCJKyaDm-g5bdIISI83g"", ""m2ND6Jkoin5c7YBrjTBHLw""]"
Jefferson Park,[]
Washington Heights,[]
Chicago Lawn,[]
"Little Italy, UIC","[""h2zho1GlDxlhNmVrNWC83Q"", ""2V-WJcowAHue_vjbha6L2A"", ""sk7YXU5Bmdw0MJ8Lr_lnSw"", ""GN15KumXKj3wRPIJtkTU9Q"", ""LfRa7XnYCO0bbj-vBot4Sg"", ""Ya7GJJUvxHJf2WFlPJIgZQ"", ""bAVHeIfejDh5huqySTbrhw"", ""hxwl7Ci86h6UcPYPpQpIsg"", ""DBEvFniUvklI2a_td4rVTQ"", ""hzjcglLB_dIIV4_D3qYBvw""]"
South Chicago,[]
Sheffield & DePaul,"[""kzxh1mqr4sei2UjxC2r19Q"", ""tvM-pVD2mpExmMOU6-3kTQ"", ""GgA1Uf2Ch4Q_CJv---ZDGg"", ""2-PKeQni_vBgCqgiM8LRtg"", ""2Lk-mp3DBc4dsBOjgjFfHA"", ""zLRMapg3qA1EhwGRhghfiw"", ""wIgEeeM3jT5r2goqBrbf6w"", ""cSxDvM4iqPeob6ct6xOeMQ"", ""qUHToNME7znnVOXAhFRj5Q"", ""0GJwhHJgy8jMO_c-zdWJ9w""]"
Ashburn,[]
Brighton Park,[]
Archer Heights,[]
West Town,"[""HSowZAbamNVS49or10Z-gA"", ""yWjZ6YXu50pXrLzsVAgoVg"", ""MF6OrrExKJ4MA7Sgrzruqw"", ""9owIK_Au86CvF5VuuVzobw"", ""F-DKCjBRRLiCPbCZ7P_Egw"", ""46gAR1-zf3sZ4t-xjE8V0w"", ""MlpTrDAhEUH0_XHytOs2ug"", ""3q14gxywUmVYwCSjp_q-Og"", ""63r8Qn5sGbaMPehct0n__A"", ""HX50kdYyHUgKmHwaWNKpdA""]"
United Center,"[""qs_uD2YUcUvuJMR8PlbxzQ"", ""38zDGMEUIENJ1LJkFzrX7g"", ""N-dvJtlscKXNoGnr7thHlw"", ""KYZh9YnozZT7R01-TF5a2A"", ""jvir08D6oofBIy24XsYmmA"", ""7o44rlEvfu_u8kC2iY8U2g"", ""5oiyBMLVNN2GxG_8s2YecQ"", ""Dczzx0c00PrpxevTxJ1cyA"", ""Y3R3SYuQzUfMyy7xHA5DNQ"", ""vAUw4hjliN940U1ICT3Xug""]"
Grand Boulevard,[]
Chinatown,"[""_K0YF_QvKLW-OSGjCUbSVQ"", ""beeJ3q2Nb8qRKnY58XEEaw"", ""0v0MQYiQ_YOv_HvDsJBgsw"", ""Aez4G_TozN9hp9obaTqOpQ"", ""reES66DmIHfzuB7M8JrDew"", ""FBkSnV4HrUPcgGoX2WhiXA"", ""R5SZvBIGNYV8bkaCJrw-TQ"", ""tP-qdUyCXwLFg2JBRrWCeA"", ""PcD58A1ER0Pyh9-lxPlrxg"", ""_pss16rE3f2P-QmVbvR4tg""]"
Mount Greenwood,[]
Lincoln Park,"[""JcuCxjU9xHu4_Yx7oT_pcA"", ""bjI9NdfsCYZlkQ9Mb5OsWA"", ""jF8L_4hbk6rLdCGA6_Znbw"", ""hvISGgCjycl-FI5PDagLbw"", ""dyvoiuFFvGiLam7WELSCQQ"", ""TlWxvg6_iMMRe33Nq2XLdw"", ""_VUUJvoDBS08oNd083WowQ"", ""lQ_Zrt5EgHYBp3SaWJgmWQ"", ""q54JcVveXVs-nD_BIPUdlA"", ""HN-NZI9gQNeU9gSfKI4EsA""]"
River North,"[""wlpOqQ7ahWZc936Lur5lEw"", ""sETLhVrG9CY4Fwn5KBx1dA"", ""eGBSRLqtxStDWa_RfCoRmg"", ""nXhK0V_M5D4_Emto1bKMug"", ""1qs5Rm6riTG45FtIw59cbg"", ""SOx5BkvApiMGXkvNtdC4uw"", ""9x-9aHOy3lFuAJa_9vxDew"", ""O5AEYd7qa5Q78cd7S7-dVQ"", ""fIAPL5F631EmAmP5FvBkmw"", ""u8gNvTkMwVd8ZJzCuZ7BOw""]"
Avondale,"[""azsa2AIrMh215vcciW9sWQ"", ""bimira6sKHPEVN7UZ0GPyA"", ""sqJQMIuCj_MmG9Eqb_HVgQ"", ""8U_sHTw-NYBK48-ueFiRyQ"", ""XxowB4Az796FwH4NdD0SrQ"", ""C3dVpKit6AuO_gRFAUm-WQ"", ""FUGve8GlzLnADTaCfykucA"", ""hwSI62Aiw4-P_udgXN5NFw"", ""AMyEvb8neWZipe2ZSYj3TQ"", ""GnOeQWnoC--SZkAqTdXrcQ""]"
Bucktown,"[""IofdEdQHUBOZENTd8HwQug"", ""qH6BX8nJGBIxMpGlLeRD1A"", ""rm6eAJBChAEFU5DZODq_gg"", ""G6uWF-7TVOriBRDkROthZA"", ""v5FOva5hAiANC5JOeEYLWw"", ""L8Hcj36bwDHeFZ5bfcNiyg"", ""CWfRbO4cCPkX2mwGVyfiTg"", ""-7rksHOSuujzA-zWGLUyIQ"", ""wNUN1Szx3f6aCCwNAbxULA"", ""tvh8DhnsW4_yF_-tqeJfcQ""]"
North Center,[]
West Pullman,[]
Norwood Park,"[""yE49BGM1thPr-kH_Oe-aWw"", ""ek1BgfKbkcKhh900qIeslg"", ""4twERn7IFUNVLJO5707lSA"", ""foDAFx-VB1pdbG9hhU1bCQ"", ""wap-rRSC5jLp764D4TZh8A"", ""46YVFTPDztv9pEx8E0WnKg"", ""A1uaPSfSJ9vm4D8CXH7WSQ"", ""XUz5R-epkoQo4ywwr7Fc0g"", ""GI7c8jsNij2USxBElWge4A"", ""py01kaG_4CEE9-XtgoS_6A""]"
Humboldt Park,"[""kRp090rUk9Yu7AihrmTkig"", ""o6CAK1J1mcGDF3QEmJs0yQ"", ""BN0BrUxJBGoMh_v8sXer7Q"", ""aSaAb_sptOlipiydgo90-Q"", ""5tB0FtC5uRPuxhL-Iy8glw"", ""ihj7EyebWDW_4tvm5F8WTw"", ""UPi63e0WfR_0ZF8-6eI3zA"", ""NBayF78eHIsMycLUYdyotQ"", ""S5-i8XMc9xiod-RW8AcQWA"", ""5hKIEeOIT7e2SJG2dMyD_Q""]"
Dunning,"[""56u8VvcF8T8dA4eAiu1wLg"", ""AHfe10SFh09bRg0zR-cx4A"", ""jqyL4XPIvxcLMroBIFOTBw"", ""ACX0Voxozku9PFvxwsOnmQ"", ""WhoS8fvSp7YYH3mHz5C2MQ"", ""f-L79-_VAFBsDpFsgKq9mg"", ""8uDaIzxmxRQWcaA9mXDDig"", ""BWyJXY0F3pudxzTpGsS1tQ"", ""QUiW3DiVzyxY3e0pqWxgCg"", ""4F3qBEYPG5gZW4j-zcqHdA""]"
Mckinley Park,[]
East Village,"[""JWt-njm9dH2-13ejXQVB9A"", ""yz0e6sf31CnFkBaq2h7MDg"", ""OasG5T7HYHmBGBY00dWhhg"", ""CDMOgbtPQI_IX_NcGR9RWA"", ""BPcd2RkSl24-wLpIqg7OUg"", ""ugR53bGc1lgnsrsllKnM6g"", ""fRodJEjC6vlHTdqKMTc8zw"", ""TdvY2aB-1yMuVBYeysS71g"", ""XzdJlA_7WOcwkgFNexByeA"", ""7a30WQmT_aWwLeld-bdqtQ""]"
Gage Park,[]
Andersonville,[]
Auburn Gresham,[]
Woodlawn,[]
Hyde Park,"[""XrMaaS4Kr6nyetqhGhpqXQ"", ""29K0Vaiwq3tdb1hqChmpUA"", ""MWrHe9MfC7BY1D0q2IYJGg"", ""_VtcwdyDWjZP3YutPa6MOg"", ""8hZy4zwfreN_HRhNeqXsTw"", ""h1-8NcykzZuP2Ue6iBpMig"", ""9ShyxeBRP5R345ydDRpJAA"", ""Ui5avlJFmfY8vdWX4S24Ig"", ""_DYgSnkn88Sv9xJJbo6JiQ"", ""fkKP_hujOIa6DCiRmIuxMg""]"
"Sauganash,Forest Glen",[]
Hermosa,[]
Armour Square,"[""yLcKgim-UyoVkXaPLVR3Hw"", ""9cIn1dOpexeyKZHfgSS6FQ"", ""Pvd8LSfxFXg7uJ1bhTt_aA"", ""9PYfxdRYybrdUb0oe_0BfQ"", ""xaiW8-0k7Xc9a8dWAeGfvw"", ""4Fc46igPNx-azMSz4820GA"", ""5EIjEw2R4O9M5bEjayjlwQ"", ""WnPZMQ1RpTI-I-FCUz_0Kw"", ""p5NpExNkxqn6IRCyIZmKQQ"", ""gpP01kJek3MOEleZvwa4cQ""]"
Roseland,[]
Ukrainian Village,"[""kMPaSx1H9Q2SRs2YIMIq2Q"", ""WHNsHwp8gl7LrVikDRwKng"", ""zisXNjmPOwgKLQ7JHr32nQ"", ""dTMuiUQz0bSBP478q8mNuQ"", ""y3E8p8BziZlQj7b0SOjZ4A"", ""vBDI_bPi9JhasAFZsP7NMA"", ""vd9MaXBcIcGKThIAz4ww8A"", ""7LuKIMbhTnK7chYdKJUrow"", ""lon5WJXO9pD2BrBWkLs75A"", ""xDDmcLdlEs-reaWX6Ys3Nw""]"
Lake View,"[""_NXVunWO3-XpkjPAQWQ-EQ"", ""I39uLwnFB3Iyu9WrEXxpMA"", ""EtAGTeSwg4saqW5Wc_DDWg"", ""iJdPD397AYQKS_9uFRloWw"", ""buFcvsEewwwBh_3iK7gUSQ"", ""jb9TIK0kzg6OX_b-iJXb0w"", ""14crElNA7QaNaQTt7d_YbQ"", ""lKF1cul0OyWT-E9FqgZFCw"", ""ZABWlJTnQRJKGolcH-syOw"", ""-1UL6_dOFHImTFv0BsqFLQ""]"
West Loop,"[""wfUBzsJJkN5kdWyBYF_cJA"", ""MA6iwVTDJ-kfsmn7jNhvjQ"", ""3xBRHm82bZzOlLMjQqVmGA"", ""qvu0fFl0VyhvyPNn9twPZg"", ""NWEtJE7tFIBPSgc_iogDSw"", ""F80rMTqySXQ6PfyCheuJ4g"", ""Im2JcunQ-qUk-UvtjoXPuA"", ""pxk0qvA_RwyFmiQPc1uy8w"", ""7aQNuowiYoR42tywVKkZ7w"", ""x_3qACPg9wEj_Wq645bK2Q""]"
Wrigleyville,[]
Burnside,[]
Chatham,[]
West Lawn,[]
Rogers Park,"[""IKQjwwkSH4077loCTzWxbA"", ""sdNh72eBoKQtIU7aKxdhJQ"", ""kl7o_4MJqT0roUpxI4-oJQ"", ""cZU9WtdEAESQs1B0aGGGBw"", ""E8cPhK_5WphQ2f8ilHBuGA"", ""W08Lg_bXFl0xGM81sQveFw"", ""_aca2XDjkdBpKppx7ZTpNQ"", ""l67kDu6Y7KDr3NYyXNfX4Q"", ""DAXEU37-2TVPdc4dprocBQ"", ""Vmt_6rLfOsPSpg_c-INRQg""]"
Washington Park,[]
Bridgeport,[]
Belmont Cragin,"[""N6QF5zIzJ9vqLpOOFHqvaA"", ""RajH21mivDwEhLUFma3nJQ"", ""SIQ0wKwKjPORYyMWHh6XCg"", ""SitiwfotdWUE-pLgmyQu2Q"", ""LrU2wWyb1dIaZuKhP2clJQ"", ""HeekwSW2wiKLF49czpT6fQ"", ""3z7MO8vhGqTwDIitV5e-AQ"", ""54aTS5ebDUDpfgG82Xe16Q"", ""09A7fWqeUh4zvjPiQoMuaA"", ""KdNZQNxLSW5yMpeKztj6Jw""]"
Boystown,"[""EXUDqMPf1rzCZrKtdWnnaQ"", ""mgA1S52cR4wpxXFraha3mQ"", ""13vJWAdfZSJgP9PBF-CDCQ"", ""Ida6Ow0XXALqrhIv7i3eig"", ""UA-LnX4E1fqIYjJAFfg-dA"", ""DL_2pylnykC0S1clCnmEog"", ""N8NiNubzTAuaugAPbzr6rA"", ""3jEK6CMdAYfSk7028yuMMQ"", ""l2fufPqD5SSs4GeawctMtQ"", ""Nmakh7uHp2bNj2WrhpO3yw""]"
Edgewater,[]
Garfield Ridge,[]
Loop,"[""ky1mLFhDR7VnYJoRlE5LXQ"", ""_UWlOMEWwAQa98hP7rlCRg"", ""KmWJKCqqlao8_vQ7o0jZDw"", ""R_9V62-AZfhsC_HtB-gdiw"", ""1Woupd6kcb00kf-HQscL4A"", ""ZQtvRGDhro5n78D5_wDizg"", ""tVYbLVPNXUv-xzuf877OVg"", ""uJJ4PppapzRti1V5nNVcPA"", ""zn8FSGG895oE35Wdv6oLZw"", ""PkWpgJFEhAw-yWcJeMrjpA""]"
Lincoln Square,"[""eem_MVrooiWMuQQ_BZpUQw"", ""GpHXjck95zGw-l1NYPtEVQ"", ""nW4s8hilhAD0xPOhUj-IVw"", ""9l88_W6WemEIIx1XEkB6wA"", ""o-WdvaN68aFpDxpQ90tE7w"", ""DLmJxgPNprTbAH4Fz-5byg"", ""CYNzheLRn2SaxUob2eJ1BA"", ""1eXtkCn1gmFR6WdmKBE7jA"", ""26lVIDhwbUESKS-s-4T7rg"", ""NtZQwV0ZeM8u0MkjmnSoyQ""]"
Jackson Park,"[""mgwgxySJV1wvxK_uRBSqlQ"", ""k9uaKxheWyGcyO1nQ_7XKw"", ""7AMiqmDv9SJvkePYoYqjmw"", ""TliF1q8Xazrm8PeqXiSLkw"", ""cN3mo10zpVcuYwOUqGWb5w"", ""6FwdMnQ38Vtl5QACOOVHFw"", ""j-xeTQl9RSY87biPoqtcgQ"", ""RaeiX0pTKR7394ODcJOlNQ"", ""0kclci3erQtD7J6JePDc1A"", ""NiAYaj9p1FfTmHV0pdVE5Q""]"
Montclare,"[""awpRkXQl0gKvi5g_Na6EuA"", ""QjBia8_8vSVMF9azbqv6Pg"", ""BKCFodOvHrfFdSSWv7Yf2Q"", ""y6ZeiC5zp94e2DLZAtOMKA"", ""uGGUxaUFfzCiUvU1AUyJQg"", ""YcqwTROQjluqmrUyp-j7Rg"", ""0vcL-GEw_bodH7gQb_YOhQ"", ""q_ePgUq7O87o0kk3NEUqQQ"", ""weWM0SLkWAwLEDOiAlUJcw"", ""u3XIRPxb0cT5_WKw9meagA""]"
West Elsdon,[]
Logan Square,"[""fo6HGmNw_dVVFAS0D8GItg"", ""3diO-jtX1VZsNMMVgl6WpA"", ""Adr8-f4QWWS90Y2XY2y0zw"", ""A0U6HZ-3x4014ryBhfx1wQ"", ""hOQjDBQqFmChgXbegoWrCA"", ""RFghjq59EPRWFb3Zr6VEWg"", ""ynNSAcRGcU4Fdsi-EGtZLw"", ""8G78tT1illDwWiSwuuzpkg"", ""h8kJ-B9OK5p0V5gO5beM5g"", ""1Vwbn_0KHftk4-YbSpdceg""]"
Pullman,[]
West Ridge,"[""CVlqMZWTjudxK1n16RjN9A"", ""Sxxh5rm2gBAzgThBKDEJJw"", ""VpeUCo4cUI4zNnDlpOZ8Ew"", ""dKXKenbqHHRZrzK0qojbdw"", ""oWVfL1QpnDK8Zvhs45H86w"", ""hgjTdRjtFTP3_r1ih-hvow"", ""W5UDhIzG4p7nwFVJcIH5Nw"", ""q0-8Q5mFKmmFSd6HHIjUEw"", ""sgjsAE2gFAu38e418qRQPg"", ""RTfOTNuAXe37lZLw8VLK2A""]"
Calumet Heights,[]
Magnificent Mile,"[""tCI6XcYdh7kG_VUnrq6Bxg"", ""j43Khgt3A-ku_sVFBbc4yw"", ""8xWXgBrsVp4TrN0kzB7ZpQ"", ""NaEwnCH7QWFq44jx23mI_g"", ""7gWQv3d-pj3wQTGHPsKTCg"", ""kXOwEGhx-sQVGzvo4QRmkQ"", ""1xef8eSErCzSHahzn7mjqA"", ""QWl-ChLB84n42eQJc3PPeA"", ""S_3jrtqhKPYgWm7ZSeRUkQ"", ""63CTw63iW3KEV-w0p0wNFQ""]"
Millenium Park,"[""6li_4oOKdEoGNwch13FR5Q"", ""feCYlIa6a0kdTSCYudLmpA"", ""qp0DoazMZFsVLwhB2i7bLA"", ""bW4VY-Jp5H7ZUI7duCBzaA"", ""hmqwhkFLORUWnvpd3A9__Q"", ""ab9LZRJaN_FeM8KXYKTdqg"", ""X9NYCantvZzfHfZ0FWQkkA"", ""mjbRp6IoJptWIhT3ySG10w"", ""J1l88pMLY_BzOslU2uPJLA"", ""EU6soH-Vrsh_f7mbksKkTA""]"
Greektown,"[""_Yt0a2zh9C-_if_VXG0Enw"", ""oCDw6neNaMXdfi0uXVRUWg"", ""owU9x6jpkffp3svuerINkg"", ""KNMJWBpWqowzFJyU2zfl0w"", ""TeUacc-_od9mO-m5YrT5FA"", ""DJvI-GOnvEUxsAfTeSbZFw"", ""5VkCGl7zEyQjFfhY8FtaCA"", ""sRZlv8-O8pZp8lVE8gKLjg"", ""uGGt5q6WgTBmVDpeefwVgw"", ""ZAY0gUGVL9hN30iTWUCGiw""]"
Galewood,"[""05aQ87LA4DbnViM3RoJVqA"", ""s6cbRvT_A5HU0v5MhhwJaw"", ""waatxVUlNKb6eSv09poztw"", ""gmdgzwAkNRtvHG2tqPSb1Q"", ""FHYxuP9Wkw0Un3wW5ize6g"", ""Sn3L17efxEnExBAL2OZR0A"", ""As8Pfq1whUNkiWxQH-7jdQ"", ""g6G6RWd98u7shxgLNn1oQA"", ""eakSvKM4szLoQEj-DZFyEA"", ""Ej__vdqiFEpNaXzlGoBV6Q""]"
Avalon Park,"[""7PQwZ0y8dp5BPKrV1nQ_Ug"", ""4A--Bcp5F5qyxp7JecOmzQ"", ""iUXPwOEqhrRsvCIf9ET14Q"", ""kxDvbma7CWhSD_cNHGwF-A"", ""4W1ZBeGw6-TnASMoekXovw"", ""xvqfD_K8LiNahY-QaXfRKQ"", ""MGd3aqUE6OH9KmQcggrcXg"", ""npORe0u28K67294JF3dbig"", ""atTUgQbgHUE7Jh9_aqibQQ"", ""P9Tg4AhOpyEhV3ZylUHHtw""]"
East Side,"[""3CEczmqmycPk9azRqdRKlw"", ""RXr_SEo7oGOIwNplO9T9mQ"", ""d2bPOiZhYNbh0B1yXk1sCA"", ""yqeqfGHA7Jd2T6X807OU-A"", ""9naJ0_cSj1VQtO3Br-nvng"", ""rvrCT2FhiH3I5puglbMN6A"", ""wahlKDPdClbstULVbDJcDA"", ""zQFSUputnJnrQFgzFEmlWw"", ""x3hzPutP2AOTop7ib-rGdQ"", ""3beKq2E80KWxTFYG5Mw5BA""]"
Morgan Park,[]
Lower West Side,"[""WYM7eD3b43_-6daWMWP5XQ"", ""Ii5LQd7aZp-KUHYyjNEK3w"", ""ib0Sb0Dr8ArjpFH9cwWCfA"", ""xGQqiuoRlxvQNLJohcDujA"", ""YQFuH0XfHaYSZM4p13Qh_A"", ""eSD4wq5evPou1IZhYVEbvw"", ""fnE06Mr6mecRtjmraTnPYQ"", ""u_fBCscUSxOCAKiwnzb37g"", ""qjbbfNC6hCW7QhZyzid5PA"", ""uDw387jOk0eEJOT3aLGy5w""]"
Garfield Park,[]
Englewood,[]
North Lawndale,[]
Beverly,[]
Austin,"[""6AX68JKIAm3I86xWxYkJVA"", ""QpjrjRbZ15qRhR3VfTFQxw"", ""NdBLmg8n53opz-JzFalcyg"", ""LykOzAIZPL4mIl1NFrqGOA"", ""HNIeQ_ZuhLxtpWkGil-wpA"", ""KzWrOdPVjC3bezLGgl5C0w"", ""JMAQW__QsOBPBrR3s3R1Gw"", ""uwVCJ-MMniWgzso9c94wvA"", ""kFUnibDw6caosT7L4X_J2A"", ""QXL93GEYAjFGFQZyKh_9fA""]"
Museum Campus,"[""gcu--mY0r0iR9f0yju_OZA"", ""InZVHqdqen8qmb66oXGXgQ"", ""Vbh435mRMKGW0MrxvSFJIg"", ""fXaVjp48T3G8symsE50mMA"", ""5kW40cCMV1LRA1zyssiqpQ"", ""-TaUk-tkV81XS9TDi1-Zzg"", ""J3VRuXNySVZaG6UMvssDMg"", ""OskhGsOmEIDUou8PALGNHw"", ""llKCgTgRVL28kK5Q0uAaFA"", ""uz0oCYEx1ERajZIjDh6QAg""]"
Printers Row,"[""uWta3FDXUoigyV4FZKlBZA"", ""FF_TWpl3IPUPgOz_DYO9UA"", ""QbyddzWtOa2asGnt17imXQ"", ""_gQn2xeL0wF55vrahhc16g"", ""CR7JXIeEFls5B_VPyPenVg"", ""V779AUPkufZK4Jtb0vkSAA"", ""gkrzJ56IJTkYoZULUoLlbQ"", ""ZciYWjYnuQju5HPDgayuCw"", ""OWLEuGtOuxv_oSiQ8aMFvA"", ""gI3_tJMEdSRQpFrAbXjR3Q""]"
Old Town,"[""AM8Z_C2GIy1VyL5_iW2nWw"", ""VcOGM6ozuXfqD9B8GARpEw"", ""kOb7scorEYpn4lYXZKnxNw"", ""-2wJrprmDU5Ei2FcTWu_7w"", ""jcjnX4jTMASl6n_Uc8Diig"", ""Sa3kk-mxlSrX2NBCQboNHw"", ""vvj88ChYp4A385voLbOfZA"", ""sWCf_ZlirBdzqZL_emZ3Jg"", ""84IBodWmuaHseA_qfr-WRw"", ""5MhSKTqQ6ayHhjzNW6U0YA""]"
Uptown,"[""OEr5IvseLSYiczfZDXUYhA"", ""KnJKF-GqH5-BgAofqJ57IQ"", ""2iF6w0-c39PF75ldll-Hgw"", ""57nhDiPhUSuRLDLfIB00Bg"", ""BZGNyBXcqxJ7A0_G55FdpA"", ""gaostkw_VEWwB--5wQMs8Q"", ""xnXMDnhNwO24mgMza0XGHQ"", ""Bozr_Iw7RlLI7lnQB5I6ew"", ""Yt_EAWhbLsExhPrvsxg7cA"", ""zmlleB0MiFbJ4EShEzrWnQ""]"
North Park,[]
Douglas,[]
Edison Park,[]
Irving Park,"[""MWehGKPxBBC1ow3XDu-l9w"", ""8T6Mbc0q97dzcg1P1hej-g"", ""Eea4vXB_bB3k2wjQMplI0Q"", ""KbEIOEKuOr-tx5SMVUpSqw"", ""pU_sVDR1dgFok5r7pCIIbw"", ""wPz3FM9cWTv7b2u-Vz1Bjg"", ""6RRDqwDN3kXFlQ-lBCicCw"", ""3Kdyqsni_WytBF8yS4WEGA"", ""DKNFuF4SC3Ly5pfTRMYLew"", ""3LtpepdzApMStQrhfHy62A""]"
Rush & Division,[]
Portage Park,"[""dKv8VeqFmd2b2OGK66h_3g"", ""MxKZVeLi7XMEzHDrA3fswg"", ""7zFjlHkdCaiAU9xTJ8bBlA"", ""EkRmCXR65jJlPr0lzNa1FA"", ""9RFYkZPscn4jrHaExZEL_A"", ""m9Of76K7ybi1puQpsOjrrg"", ""Tv7p1CtDXa6anzMPlX1R4Q"", ""hmRguHiXDoP626NucJ8SRA"", ""apaVj1AwoIGXkgwOdgAEyQ"", ""30ovyKfIBIbE1czlNB2mZQ""]"
Near South Side,"[""gKNS6jJaQSrLzrkHS0qqxQ"", ""7f4LsiuWHAEoxGh4e7ekzw"", ""KS0bkzbsrdwiHaPHOwSFoA"", ""QEcngKmf-flq3XMyGnwrPA"", ""YzkSbACme3g_XLXVJxNH-Q"", ""cKDCDREnQYsQ7JQfabPYEw"", ""y8gDnTBKjoiY80-_cQ1zeA"", ""6xstPXQM1A8or4ql4ONx2g"", ""P0BZWweRccQo_sZhhHYp3A"", ""dT8bNW-r_CCuocnU1peEUg""]"
Albany Park,[]
Streeterville,"[""YOWYzYv8pWnl9as3ELJNtw"", ""kPxq1QUVsPeSAfsHIHe2Eg"", ""Cgemh0VqbKUCnxDegiLE_Q"", ""0G8K1dvEehnIU94e3k7e0Q"", ""NdCjha2JAwsf_LktZgiS9g"", ""19iFO4fRlxDu14dhjm3M4g"", ""xtqp1Kwul3xl8wycOwqz1g"", ""42jsqiH5pC5-QqKjclgirA"", ""f8lzlM5wEIJFV2gYgqkhWA"", ""yWVUIgTTa_3knnxhmBU1ag""]"
Hegewisch,[]
Little Village,[]
Gold Coast,"[""RFioDzZOj0Wm3WU2gFivRw"", ""Vb3i907y75B8uOP7_OLuBw"", ""FDbrdd0a_JfurGF2e1MZSw"", ""jfNJa4N_IpQ4HSSv0-2A6A"", ""konZiI1NbQm77eQ3Uzg-mg"", ""83UKbLiwJ--LC7vVce3JQw"", ""qJJHeCR28fzdjfNR47zqUw"", ""qZp5I76y58HxRi-BNZZAyw"", ""exj8Z69577DyGEGu2G1H3Q"", ""qDxw6UnHlOVQJ4AmI9y6VQ""]"
South Shore,"[""S8-QIVLcsIGb-oRyDJcEvQ"", ""xANQKx9JXCh0IGpagyHetQ"", ""dNBQQU9VCQfGiE2pqz_nlQ"", ""h64RzVl8gjhdl4Yr2qacyQ"", ""dCcgRVYjI5X9IhTycJJL8g"", ""WBRxowC6TJCzN8i1XKLOXg"", ""g1na_vEXiZ3hyT0-zCVMpQ"", ""rYRkcCvR3X8ct6j6stckIA"", ""cVO57s1O4mIhOU9nTgjeew"", ""ksvlal5iCKhCGoRf90yKkA""]"
Grant Park,"[""NPn8DixuHjf8FAiRlA9Fjg"", ""V7NTomW-GwDqF5RZukLpGQ"", ""rroPBC08wZDO4y2TL56sTw"", ""Br3pyQjbmp3hSVTmzqJ1rQ"", ""e8FvAP-R404EYJ1jFPrMLQ"", ""fHKdjb74Y47kzfkhC2U4FQ"", ""pH3kFVPB76Y0aXJLbwHP4A"", ""jvoHkwa1QErN-p6hhDdp_Q"", ""UIHANHEBtMyuiDfQ5h0uRQ"", ""ejGMBKo1fg2cLUzNKA_U8Q""]"
Fuller Park,"[""FwC2gGPEhs92GCgT_0oGbQ"", ""T4N8lb2T_CrtzVedWlNqgA"", ""ZivDNK22v8JD8hZa8iqFpw"", ""4fv7jfv0hpb1iRZewxlyXw"", ""8qeWGV0tqQ-T76AQoy58fw"", ""8JSTXyHGTksQvhxdqgoNiw"", ""RGSCsc4Wc8W27LAPk2KnZQ"", ""owAAKpPnUxr3Thxkrp-0pw"", ""isc1HqSgstSj1zFm0lC9cQ"", ""T8FJ1zAHkVCmwARBwWPnJw""]"
Wicker Park,"[""dVu3FbuO2mHq0-pv-wRUjg"", ""QdUM1QfKp26WfvaCC1RO5A"", ""Hn3eHeP4JXA2lwPf4UzOIg"", ""3OnsR9SUud4Rqq-biHJ68A"", ""ACA_b8P6OXhyG4kjDDjfVw"", ""4kW2KHUxJl7-MrPeqXiljQ"", ""V3d84YuvA5bzxolWIpqXmw"", ""bkEvfdLjzhTB-kVzQsjWyQ"", ""wAc9MtZV6LUx7UYtUrJNEw"", ""U6f9w3d6MYycTgm2oBgssA""]"
Riverdale,[]
O'Hare,[]
South Deering,[]
Oakland,"[""OXfOxsiMK_eC0M4wSuppAw"", ""1LUhdv4CLGsWlblIPAPTDw"", ""0vtzLAdPmZnxiXEapA7PwQ"", ""j_9v0sABUUwJdi-Sz0W5tA"", ""cAaUWuY0teMjA6WsyWCS9g"", ""P04vbaOO0nLt3aW5vBs7pw"", ""L551PAJvyoDIx_4a24QSUQ"", ""eOqQ2CFch1b-ofD4SqCGYQ"", ""4zB1l7CoEpLXLljJNPeWQw"", ""5YZfAmvO7Dtzl2RT0dRHNg""]"
